﻿<?xml version="1.0" encoding="utf-8" ?>
<root>
  <Banner>
    <item>
      <Image>
        <Source>../Images/BannerImage/Bus2.jpg</Source>
        <Alt>Banner1</Alt>
        <Title>Express</Title>
      </Image>
      <Link>
        <target>_parent</target>
        <title>Express</title>
        <href>#Category</href>
        <text>/ Express /</text>
        <DateTime>— Monday, February 15, 2010 12:42</DateTime>
      </Link>
      <Introduct>
        <title> Express Service .....</title>
        <content>Express services help u fell interested in joney!</content>
      </Introduct>
      <Details>
        <text>ReadMore....</text>
        <href>#</href>
      </Details>
    </item>
    <item>
      <Image>
        <Source>../Images/BannerImage/Bus1.jpg</Source>
        <Alt>Banner2</Alt>
        <Title>Luxury</Title>
      </Image>
      <Link>
        <target>_parent</target>
        <title>Express</title>
        <href>#</href>
        <text>/ Luxury /</text>
        <DateTime>— Monday, February 15, 2010 12:42</DateTime>
      </Link>
      <Introduct>
        <title> Luxury Service .....</title>
        <content>Luxury services help u fell interested in joney!</content>
      </Introduct>
      <Details>
        <text>ReadMore....</text>
        <href>#</href>
      </Details>
    </item>
    <item>
      <Image>
        <Source>../Images/BannerImage/Bus3.jpg</Source>
        <Alt>Banner3</Alt>
        <Title>Volvo</Title>
      </Image>
      <Link>
        <target>_parent</target>
        <title>Express</title>
        <href>#</href>
        <text>/ Volvo /</text>
        <DateTime>— Monday, February 15, 2010 12:42</DateTime>
      </Link>
      <Introduct>
        <title> Volvo Service .....</title>
        <content>Volvo services help u fell interested in joney!</content>
      </Introduct>
      <Details>
        <text>ReadMore....</text>
        <href>#</href>
      </Details>
    </item>
  </Banner>
  <SubBanner>
    <item>
      <Image>
        <Source>../Images/BannerImage/Bus2LT.jpg</Source>        
      </Image>
    </item>
    <item>
      <Image>
        <Source>../Images/BannerImage/Bus1LT.jpg</Source>
      </Image>
    </item>
    <item>
      <Image>
        <Source>../Images/BannerImage/Bus3LT.jpg</Source>
      </Image>
    </item>
  </SubBanner>
</root>
<!--<img src="../Images/BannerImage/Bus2.jpg" alt="" title="Newsflash 1" />
<div class="lof-main-item-desc">
  <h3>
    <a target="_parent" title="Newsflash 2" href="#Category-2">/ Newsflash 2 /</a>
    <i> — Monday, February 15, 2010 12:42</i>
  </h3>
  <h2>Content of Newsflash 2</h2>
  <p>
    Joomla! makes it easy to launch a Web site of any kind. Whether you want a brochure site or you are...
    <a class="readmore" href="#">Read more </a>
  </p>
</div>-->