﻿<?xml version="1.0" encoding="utf-8" ?>
<Menus>
  <Menu>
    <Name>Branches</Name>
    <Link>2</Link>
    <Image>~/Images/Branches.png</Image>
    <Sumary>My Offices</Sumary>
  </Menu>
  <Menu>
    <Name>About Us</Name>
    <Link></Link>
    <Image>~/Images/FAQ.png</Image>
    <Sumary>Who we are?</Sumary>
  </Menu>
  <Menu>
    <Name>PriceList</Name>
    <Link>ListPrice.aspx</Link>
    <Image>~/Images/Service.png</Image>
    <Sumary>Price with Route</Sumary>
  </Menu>
  <Menu>
    <Name>Home</Name>
    <Link>Home.aspx</Link>
    <Image>~/Images/Home.png</Image>
    <Sumary>My Home Page</Sumary>
  </Menu>
</Menus>
